{
  "accuracy": 0.9746487477092242,
  "precision": 0.0,
  "recall": 0.0,
  "f1_score": 0.0,
  "specificity": 1.0,
  "fpr": 0.0,
  "fnr": 1.0,
  "confusion_matrix": [
    [
      63820,
      0
    ],
    [
      1660,
      0
    ]
  ],
  "total_samples": 65480,
  "total_time": 0.021000146865844727
}