{
  "original": {
    "model_name": "\u539f\u59cb\u6a21\u578b",
    "accuracy": 0.9117361784675073,
    "f1": 0.7447405329593267,
    "inference_time": 0.2314012050628662,
    "throughput": 17821.860516584635
  },
  "quantized": {
    "model_name": "\u91cf\u5316\u6a21\u578b",
    "accuracy": 0.9124636275460718,
    "f1": 0.7463106113843991,
    "inference_time": 0.16294288635253906,
    "throughput": 25309.48169825235
  },
  "accuracy_drop": -0.0007274490785644794,
  "f1_drop": -0.0015700784250723965,
  "speedup": 1.4201368973065354
}