{
  "training_metrics": {
    "accuracy": 0.9489266079064491,
    "precision": 0.24519230769230768,
    "recall": 0.4774468085106383,
    "f1_score": 0.32399653479641927,
    "specificity": 0.9613309151160968,
    "fpr": 0.03866908488390318,
    "fnr": 0.5225531914893617,
    "confusion_matrix": [
      [
        42934,
        1727
      ],
      [
        614,
        561
      ]
    ],
    "tp": 561,
    "fp": 1727,
    "tn": 42934,
    "fn": 614
  },
  "testing_metrics": {
    "accuracy": 0.9480757483200978,
    "precision": 0.2354104846686449,
    "recall": 0.49072164948453606,
    "f1_score": 0.3181818181818182,
    "specificity": 0.9596534265880265,
    "fpr": 0.04034657341197349,
    "fnr": 0.5092783505154639,
    "confusion_matrix": [
      [
        18386,
        773
      ],
      [
        247,
        238
      ]
    ],
    "tp": 238,
    "fp": 773,
    "tn": 18386,
    "fn": 247
  },
  "generator_results": {
    "1": {
      "accuracy": 0.9363797020954304,
      "f1_score": 0.25,
      "samples": 3961
    },
    "2": {
      "accuracy": 0.9395348837209302,
      "f1_score": 0.21476510067114093,
      "samples": 3870
    },
    "3": {
      "accuracy": 0.9606854838709677,
      "f1_score": 0.41353383458646614,
      "samples": 3968
    },
    "4": {
      "accuracy": 0.9524053224155579,
      "f1_score": 0.3716216216216216,
      "samples": 3908
    },
    "5": {
      "accuracy": 0.951231902463805,
      "f1_score": 0.36,
      "samples": 3937
    }
  },
  "model_params": {
    "contamination": 0.05,
    "n_estimators": 100,
    "random_state": 42
  },
  "data_stats": {
    "total_samples": 65480,
    "train_samples": 45836,
    "test_samples": 19644,
    "anomaly_ratio": 0.02535125229077581,
    "train_time": 0.4369833469390869,
    "predict_time": 0.27542853355407715
  }
}