{
  "training_metrics": {
    "accuracy": 0.9009142857142857,
    "precision": 0.44470507466102177,
    "recall": 0.5045109365872655,
    "f1_score": 0.4727239554825762,
    "specificity": 0.9391827962379302,
    "fpr": 0.06081720376206976,
    "fnr": 0.49548906341273447,
    "confusion_matrix": [
      [
        149887,
        9706
      ],
      [
        7634,
        7773
      ]
    ],
    "tp": 7773,
    "fp": 9706,
    "tn": 149887,
    "fn": 7634
  },
  "testing_metrics": {
    "accuracy": 0.90256,
    "precision": 0.445809151032528,
    "recall": 0.5077632590315142,
    "f1_score": 0.47477360931435963,
    "specificity": 0.9400540185414994,
    "fpr": 0.05994598145850062,
    "fnr": 0.4922367409684858,
    "confusion_matrix": [
      [
        64389,
        4106
      ],
      [
        3202,
        3303
      ]
    ],
    "tp": 3303,
    "fp": 4106,
    "tn": 64389,
    "fn": 3202
  },
  "generator_results": {
    "1": {
      "accuracy": 0.9090608902390701,
      "f1_score": 0.0,
      "samples": 15142
    },
    "2": {
      "accuracy": 0.9031258420910806,
      "f1_score": 0.6307139188495121,
      "samples": 14844
    },
    "3": {
      "accuracy": 0.8898577944727663,
      "f1_score": 0.3535433070866142,
      "samples": 14908
    },
    "4": {
      "accuracy": 0.9073719008264463,
      "f1_score": 0.3836339639243291,
      "samples": 15125
    },
    "5": {
      "accuracy": 0.9032107335958881,
      "f1_score": 0.6214099216710183,
      "samples": 14981
    }
  },
  "model_params": {
    "contamination": 0.1,
    "n_estimators": 100,
    "random_state": 42
  },
  "data_stats": {
    "total_samples": 250000,
    "train_samples": 175000,
    "test_samples": 75000,
    "anomaly_ratio": 0.087648,
    "train_time": 0.9826762676239014,
    "predict_time": 0.8884356021881104
  }
}