{
  "accuracy": 0.940704,
  "precision": 1.0,
  "recall": 0.3234757210660825,
  "f1_score": 0.48882758620689654,
  "specificity": 1.0,
  "fpr": 0.0,
  "fnr": 0.6765242789339175,
  "confusion_matrix": [
    [
      228088,
      0
    ],
    [
      14824,
      7088
    ]
  ],
  "total_samples": 250000,
  "total_time": 0.07809329032897949
}