{
  "original": {
    "model_name": "\u539f\u59cb\u6a21\u578b",
    "accuracy": 0.9573914782956592,
    "f1": 0.6835066864784547,
    "inference_time": 0.5151031017303467,
    "throughput": 19409.706457628537
  },
  "quantized": {
    "model_name": "\u91cf\u5316\u6a21\u578b",
    "accuracy": 0.9577915583116623,
    "f1": 0.6883308714918759,
    "inference_time": 0.39522886276245117,
    "throughput": 25296.735491732572
  },
  "accuracy_drop": -0.0004000800160031126,
  "f1_drop": -0.0048241850134211894,
  "speedup": 1.3033033522148023
}