{
  "original": {
    "model_name": "\u539f\u59cb\u6a21\u578b",
    "accuracy": 0.9563912782556512,
    "f1": 0.6760772659732541,
    "inference_time": 0.5000002384185791,
    "throughput": 19995.990465168732
  },
  "quantized": {
    "model_name": "\u91cf\u5316\u6a21\u578b",
    "accuracy": 0.9575915183036607,
    "f1": 0.6886930983847284,
    "inference_time": 0.38500165939331055,
    "throughput": 25968.719240729893
  },
  "accuracy_drop": -0.0012002400480095599,
  "f1_drop": -0.012615832411474237,
  "speedup": 1.2986963204430975
}